id;date
2a7ffc2c-6af6-4368-b0c8-d99528b7734b;2022-01-22T12:48:30
74e4e9a6-6515-44a7-8819-1ea950ef77e2;2022-01-21T16:21:59
38f43260-9be0-4cb2-8ab5-012618920843;2022-01-22T01:33:12
68a088ca-30f8-4843-b222-58b0d35e01f6;2022-01-22T10:49:07
d47a59e9-6818-4971-bad5-6e56efe8ceec;2022-01-22T11:00:20
ac853bc7-9fcf-4217-a11b-d964d15afdf6;2022-01-21T18:15:05
88775045-29cf-45f4-9cc2-49ce23287d15;2022-01-22T12:32:11
d9688e42-cc22-4e1f-a698-d3631d4370b3;2022-01-22T05:24:45
f3179b16-a824-4e91-8a92-624fc07dad52;2022-01-22T03:11:43
71d65fab-c77f-467f-a68a-411dab7fc794;2022-01-22T07:16:56
